@id,@type,@lat,@lon,name,phone,emergency:phone,image,website,description,operator,opening_hours,indoor,access,wheelchair,defibrillator:location,defibrillator:location:en,defibrillator:location:sl,defibrillator:location:it,defibrillator:location:hu,defibrillator:location:de
11809780252,node,45.5223098,13.5666796,,,,,,,,24/7,no,yes,,,,,,,
8806561917,node,45.4755445,13.6187154,,,,,,,,,no,yes,,,,,,,
12253298723,node,45.5081934,13.5965146,,,112,,,,,24/7,no,,,At the entrance,,,,,"Am Eingang, draußen"
8791941155,node,45.5199923,13.5812990,,,,,,,,,no,yes,,,,,,,
11809740932,node,45.5136877,13.5941198,,,,,,,,24/7,no,yes,limited,,by the tourist info,,,,
7674418816,node,45.4885220,13.6566094,,,,,,,,,no,yes,yes,"on the wall, outside",,,,,
12873168544,node,45.5175167,13.7008283,,,,,,,,,,,,,,,,,
11462877518,node,45.5163382,13.7176957,,,,,,,,24/7,no,yes,limited,,,,,,
7220902859,node,45.4636435,13.8214855,,,,,,,,24/7,no,permissive,yes,,,,,,
9171304279,node,45.4799272,13.7365272,,,,,,,,24/7,no,yes,,,,,,,
12873153444,node,45.5183964,13.7786368,,,,,,,,24/7,no,yes,,,,,,,
11807092111,node,45.5070636,13.7990871,,,,,,,,24/7,no,yes,,,,,,,
11810040634,node,45.5291061,13.5654630,,,,,,,,24/7,no,yes,,On the wall facing sea,,,,,
11809961399,node,45.5280558,13.5687414,,,,,,,,24/7,no,yes,limited,,Under the roof by the atm,,,,
13261386056,node,45.5289959,13.6381006,,,,,,,,24/7,no,yes,yes,Sull'angolo della trattoria,,,Sull'angolo della trattoria,,
11123573624,node,45.5406970,13.6563896,,,,,,,,,,,,,,,,,
5507474575,node,45.5291684,13.6578906,,,,,https://www.ns-piz.si/o-podjetju/novice/izola-defbrilator/,,,24/7,no,,,,,,,,
12022168422,node,45.5371437,13.6596621,,,,,,,,24/7,no,yes,,Next to the pharmacy entrance on thr wall in a green box.,,,,,
12020669590,node,45.5316019,13.6649980,,,,,,,,24/7,no,yes,yes,,,,,,
12670017343,node,45.5370479,13.6660528,,,,,,,,,,,,,,,,,
9134659752,node,45.5383033,13.6582740,,,,,,,,24/7,no,yes,limited,,,,,,
11486143224,node,45.5326450,13.7358732,,,,,,,,24/7,no,yes,,,,,,,
12582285401,node,45.5395883,13.7351492,,+386 05 850 12 36,,,,,,,yes,private,,,,"Pri vhodu v poslovalnico Decathlon, desno od vhoda na stebru z jasno označeno nalepko.",,,
12448321201,node,45.5831318,13.7188692,,,,,,,,,no,yes,,,,Na steni toaletnih prostorov na Plaži Študent,,,
12448305601,node,45.5874940,13.7113597,,,,,,,,,yes,,,,,Znotraj objekta Mladinsko zdravilišče RKS Debeli rtič,,,
12448334601,node,45.5806866,13.7252622,,,,,,,,,no,yes,,,,Na steni gostinskega lokala na plaži Valdoltra,,,
12448334602,node,45.5813156,13.7342435,,,,,,,,,no,yes,,,,Na steni doma družbenih dejavnosti,,,
12448334603,node,45.5780487,13.7327234,,,,,,,,,yes,private,,,,Znotraj wellness centra. Na razpolago celo leto v času odprtja wellnessa.,,,
12448353301,node,45.5770678,13.7331445,,,,,,,,,,private,,,,"V reševalni kabini. Dostopen v času kopalne sezone, do 15. 6. do 15. 9.",,,
12448201401,node,45.5925863,13.7126181,,,,,,,,,,,,,,Na steni gostinskega obrata.,,,
12382368102,node,45.5940644,13.7242308,,,,,,,,,no,yes,,,,"NI AED-ja, napačna lokacija",,,
12382399203,node,45.5937561,13.7236474,,,,,,,,,,,,,,,,,
12382399204,node,45.5937224,13.7236468,,,,,,,,,no,yes,,,,Desna stran stavbe,,,
12382487001,node,45.5942366,13.7238615,,,,,,,,,no,yes,,,,Nameščen v vozilu redarske službe,,,
13075777542,node,45.5457615,13.7670990,,,,,,,,,no,yes,,,,,,,
12448355901,node,45.5721595,13.7432595,,,,,,,,,no,yes,,,,Na steni gostinskega lokala,,,
12448356701,node,45.5716409,13.7482612,,,,,,,,,,yes,,,,Na stavbi avtobusnega postajališča,,,
12448357501,node,45.5713377,13.7486997,,,,,,,,,yes,private,,,,Znotraj Vojašnice,,,
11630732987,node,45.5784965,13.7417860,,,,,,,,,,,,,,,,,
12448321204,node,45.5793641,13.7370210,,,,,,,,,no,yes,,,,Na steni pred občinsko stavbo na Regentovi 2,,,
13087089894,node,45.7248104,13.8156356,AED Dol pri Vogljah - Vaški dom,,,,,,,24/7,,,,,,,,,
5209905926,node,45.5024307,13.8743045,,,,,,,Krajevna skupnost Gračišče,24/7,no,yes,yes,"outside, by the entrance",,,,,
4508487242,node,45.5201893,13.8696954,,,,,,,,,,,,,,,,,
11799818393,node,45.5714212,13.8586400,,,,,,,,24/7,no,yes,limited,by the fire station,,,,,
12874874474,node,45.5748007,13.9071740,,,,,,,,,no,yes,,by the shelter,,,,,
11762390820,node,45.5338470,13.9752726,,,,,,,,24/7,no,yes,,"outside, on the wall",,,,,
12883545301,node,45.5768247,14.0036678,,,,,,,,,no,,,,,,,,
12883547501,node,45.5767332,14.0036776,,,,,,,,,,yes,,,,,outside on the fire fighters wall,,
11515783727,node,45.6259981,13.9793525,,,,,,,,,,,,,,,,,
13087188747,node,45.6682968,13.8836459,AED Lipica - Kobilarna Lipica – pri vhodu,,,,,,,24/7,,,,,,,,,
8151682047,node,45.6446497,13.8999256,AED - Koča na Kokoši,,,,,,,24/7,no,,,,,,,,
13087188748,node,45.6662570,13.9153165,AED Lokev - Gasilki dom PGD Lokev,,,,,,,24/7,,,,,,,,,
7313967986,node,45.6607899,13.9289974,AED Lokev - Kulturni dom,,,,,,,24/7,,,,,,,,,
13087188746,node,45.6904150,13.8426547,AED Orlek - Orlek Fantalon,,,,,,,24/7,,,,,,,,,
6835464162,node,45.7043242,13.8577973,AED Sežana - Trgovina HOFER,,,,,,,,no,yes,,,,,,,
6835464163,node,45.7059709,13.8614682,AED Sežana - Mitol d.d.,,,,,,,,yes,,,,,,,,
8151682048,node,45.7051206,13.8610010,AED Sežana - Bencinski servis SHELL - Sežana,,,,,,,24/7,no,,,,,,,,
6835464164,node,45.7073807,13.8682899,AED Sežana - Banka Koper,,,,,,,Mo-Fr 08:30-16:30; Sa 08:30-11:30,yes,,,,,,,,
6835464165,node,45.7064606,13.8676914,AED Sežana - Elektro Primorska,,,,,,,Mo-Fr 07:00-15:00,yes,,,,,,,,
6835548579,node,45.7051615,13.8692002,AED Sežana - ZŠTIP Sežana – nogometni stadion,,,,,,,24/7,no,,,,,,,,
6835609732,node,45.7019195,13.8714644,AED Sežana - ZGRS Sežana,,,,,,,,yes,,,,,,,,
7728291786,node,45.7036488,13.8715171,AED Sežana - Kraški vodovod,,,,,,,24/7,no,yes,,,,,Sulla recinzione vicino al cancello.,,
12061109965,node,45.7021313,13.8720150,AED Sežana - ICZR Sežana pri vratarju,,,,,,,24/7,,,,"izobraževalni center za zaščito in reševanje Sežana, pri vratarju",,,,,
13087089896,node,45.7051046,13.8687621,AED Sežana - OŠ Sežana – športna hala,,,,,,,24/7,,,,,,,,,
13087089897,node,45.6991825,13.8837309,AED Sežana - Tenis igrišča,,,,,,,24/7,,,,,,,,,
6835464166,node,45.7083572,13.8647575,AED Sežana - Dom upokojencev Sežana,,,,,,,,yes,,,,,,,,
6835548577,node,45.7088305,13.8714893,AED Sežana - Zdravstveni Dom Sežana,,,,,,,24/7,yes,,,,,,,,
11850929147,node,45.7085437,13.8734948,AED Sežana - Kosovelova knjižnica Sežana,,,,,,,Mo-Fr 07:00-18:00,yes,yes,yes,Kosovelova knjižnica Sežana,,,,,
6835548578,node,45.7097573,13.8740364,AED Sežana - Občina in UE Sežana,,,,,,,"Mo, Tu, Th 07:30-15:00; We 07:30-17:00; Fr 07:30-14:00",yes,,,,,,,,
13087089895,node,45.7167418,13.8823643,AED Dane pri Sežani,,,,,,,24/7,,,,,,,,,
13087188745,node,45.7001261,13.9314225,AED Povir - Gasilski dom PGD Povir,,,,,,,24/7,,,,,,,,,
9942095917,node,45.6631104,13.9892082,,,,,,,,,no,,,,,,,,
4774774525,node,45.6831266,13.9696465,,,,,,,,,,,,,,,,,
5941209385,node,45.7315457,14.0116708,,,,,,,,24/7,no,yes,yes,near the restaurant entrance,,,,,
9463473166,node,45.5517833,14.0604071,,,,,,,,,no,yes,,"outside, on the wall",,,,,
9463473165,node,45.5416435,14.1193096,,,,,,,,,no,yes,,"outside, on the wall",,,,,
13173708048,node,45.6041736,14.1895608,,,,,,,,24/7,no,yes,,,,,,,
6672393777,node,45.6410084,14.2251840,,,,,,,,,no,,,outside firestation,,,,,
5296710250,node,45.7131498,14.1771096,,,,,,,,,,,,,,,,,
12875484510,node,45.7222022,14.1817080,,,,,,,defibrilator.si,24/7,no,,yes,"Na lopi, ob balin stezi.",,,,,
4930326274,node,45.7287458,14.1847883,,,,,,,,,no,,,,,,,,
5641395211,node,45.6841770,14.2226385,,,,,,,,,,,,,,,,,
12864081082,node,45.5743032,14.4010139,,,,,,,,24/7,no,yes,,,,,,,
5599217517,node,45.6280885,14.3661889,,,,,,,KS Knežak,24/7,no,,,,,,,,
12196395146,node,45.5119035,14.8744049,,,,,,,,24/7,no,yes,,,,,,,
12505266504,node,45.5065967,15.0545474,,,,,,,,,no,yes,,,,,,,
12309385201,node,45.5291594,14.6988089,,,,,,,,,,yes,,,,,,,
11947724874,node,45.5712863,14.8714078,,,,,,,,24/7,no,yes,,,,,,,
10867998497,node,45.6207359,14.8793962,,,,,,,,,no,yes,,"outside, on the wall",,,,,
11077219461,node,45.7312943,14.7368140,,,,,,,,,no,,,,,,,,
11077219460,node,45.7296781,14.7420966,,,,,,,,,,yes,,,,,,,
10867924368,node,45.6459033,14.8798214,,,,,,,,,no,yes,,"outside, on the wall",,,,,
13095001001,node,45.5905174,14.8987365,,,,,,,Vaški dom,,no,yes,,AED,,,,,
5783213666,node,45.8213295,13.6174780,,,,,,,,,no,yes,,wall mounted,,,,,
11792856523,node,45.8130671,13.6222616,,,,,,,,,no,yes,,External case.,,,,,
13254655511,node,45.8147163,13.6305472,,,,,,,,,no,yes,,,,,,,
5012358271,node,45.8520370,13.5823707,,,,,,,,,no,,,Pod stopnicami,,,,,
6061308751,node,45.8865613,13.6021556,,,,,,,,,no,yes,,Pod streho Kampo bar.,,,,,
13087434431,node,45.8724955,13.6162332,,,,,,,,,no,yes,,"Na elektro omarici – vzhodna stran objekta
On the electrical box - east side of the building
Sulla scatola elettrica - lato est dell'edificio",,,,,
7994438941,node,45.8875058,13.6090891,,,,,,,,,no,,,,,,,,
12160400407,node,45.8904434,13.6060389,,,,,,,,,no,yes,,Desno na vhodu,,,,,
6003355340,node,45.8913211,13.6128134,,,,,,,,,no,,,Na zidu.,,,,,
6003355338,node,45.8918116,13.6061999,,,,,,,,,no,yes,,Na desni strani stavbe zadaj,,,,,
12006342305,node,45.8966201,13.6179988,,,,,,,,,no,yes,,Pri vhodnih vratih pod streho,,,,,
13086701207,node,45.8962550,13.6240990,,,,,,,,,no,yes,,,,,,,
13086808433,node,45.8925593,13.6300924,,,,,,,,,no,yes,,,,,,,
12189811987,node,45.7839133,13.7194182,,,,,,,,,no,yes,,,,,,,
5150195381,node,45.8279633,13.6678424,,,,,,,,,no,,,,,,,,
12827880665,node,45.8180094,13.6982678,,,,,,,,,no,yes,,"Na steni hiše nad hidrantom.
Sul muro della casa sopra l'idrante.
On the wall of the house above the hydrant.",,,,,
13274156577,node,45.8253036,13.7301749,,,,,,,,,no,yes,,,,,,,
13087221763,node,45.7711919,13.7543383,AED Veliki Dol - vaški dom,,,,,,,24/7,,,,,,,,,
13087188744,node,45.7714066,13.7839580,AED Pliskovica - Mladinski hotel Pliskovica,,,,,,,24/7,,,,,,,,,
11076777992,node,45.7560711,13.8326500,,,,,,,,,,yes,,"Entrata della banca
Vhod banke
Bank entrance",,,,,
13087089893,node,45.7560833,13.8319092,AED Dutovlje - Bunčetova domačija,,,,,,,24/7,no,yes,,,,,,,
13087089892,node,45.7645058,13.8290251,AED Dutovlje - Dom na Krasu,,,,,,,24/7,,,,,,,,,
13274144412,node,45.8175004,13.7458699,Defibrillator,,,,,,,,no,yes,,,,,,,
12061492400,node,45.8170792,13.7729519,,,,,,,,,no,yes,,,,,,,
10948593868,node,45.8265160,13.7711794,,,,,,,,,yes,yes,,,,,,,
5150187134,node,45.8424574,13.6433726,,,,,,,,,no,,,,,,,,
5649058321,node,45.8445008,13.6751877,,,,,,,,,,,,,,,,,
5012378656,node,45.8898518,13.6695164,,,,,,,,,no,,,Desno od vhoda v poštno poslovalnico.,,,,,
12883452164,node,45.8898555,13.6702216,,,,,,,,,yes,yes,,V prvem nadstropju desno,,,,,
5150211467,node,45.8489881,13.7037356,,,,,,,,,no,,,,,,,,
13274137569,node,45.8421048,13.7355717,Defibrillator,,,,,,,,no,yes,,,,,,,
6008001850,node,45.8869397,13.7026507,,,,,,,,,no,yes,,Na hiši ob glavni cesti,,,,,
12558660937,node,45.8868263,13.7345112,,,,,,,,,,,,,,,,,
11150877577,node,45.8932024,13.6349573,,,,,,,,,no,,,,,,,,
8986039196,node,45.8961228,13.6446654,,,,,,,,,no,,,,,,,,
12544874849,node,45.9157949,13.6366798,,,,,,,,,no,yes,,,,,,,
8494706161,node,45.8993802,13.6690527,,,,,,,,,,,,,,,,,
12507011217,node,45.9035227,13.6744771,,,,,,,,,no,yes,,,,,,,
12563182901,node,45.9302793,13.6785953,,,,,,,,,no,yes,,,On the wall near entrance,,,,
8808228006,node,45.9061010,13.6998610,,,,,,,,,,,,,,,,,
10984571346,node,45.8600663,13.7870786,,,,,,,,,,,,"Pod nadstreškom, pred vhodom.",,,,,
9575309181,node,45.8939580,13.7773181,,,,,,,,,no,yes,,"outside, on the west wall, near some steps",,,,,
9180287044,node,45.9076708,13.7784414,,,,,,,,,no,yes,,"outside, on the wall by the entrance",,,,,
12544609901,node,45.9279956,13.7470342,,,,,,,,,no,yes,,,On the wall,,,,
11225187338,node,46.0544798,13.4978366,,,,,,,,,no,yes,,,,,,,
11697176071,node,46.0530839,13.6142542,,,,,,,,,no,yes,,,,Poleg vhoda v zdravstveni dom in lekarno.,,,
9868016620,node,46.0954778,13.6098171,,,,,,,,,no,yes,,,,Lig 31,,,
8778376605,node,45.9571537,13.6430646,,,,,,,,,no,yes,,,On the wall by the entrance,,,,
9197125258,node,45.9578802,13.6454075,,,,,,,,,yes,,,,,,,,
10029954181,node,45.9571647,13.6491714,,,,,,,,,yes,,,,,,,,
7006179579,node,45.9540191,13.6709737,,,,,,,,Mo-Sa 08:00-21:00; Su 08:00-15:00,yes,,,,,,,,
8954762382,node,45.9813308,13.6559956,,,,,,,,,no,,,outside on the wall,,,,,
11313805542,node,45.9981302,13.6730455,,,,,,,,,no,yes,,on wall,,,,,
11340953898,node,46.0318381,13.6683041,,,,,,,,,no,yes,,,,,,,
13110148053,node,45.9723664,13.7408106,,,,,,,,,no,yes,,On the outside wall,,,,,
11336381124,node,46.0473953,13.7678201,,,,,,,,,no,,,"Na zunanji steni, na desni strani zgradbe.",,,,,
12147570573,node,46.0124751,13.7917809,,,,,,,,,no,yes,,,,,,,
12875394778,node,46.0485443,13.7932144,,,,,,,,24/7,no,yes,,at the fire station,,,,,
11681252669,node,46.0875887,13.6344997,,,,,,,,,no,yes,,,,Gradnikova ulica 13a (Gasilski dom PGD Kanal),,,
11697219369,node,46.0856338,13.6334202,,,,,,,,,yes,customers,,,,TIC Kanal,,,
11697198669,node,46.1010572,13.6827245,,,,,,,,,no,yes,,,,Gasilski dom PGD Avče,,,
11697176069,node,46.1098933,13.6708700,,,,,,,,,no,yes,,,,"Na stavbi Ročinj 93, poleg cerkve.",,,
11697154070,node,46.1120707,13.6873401,,,,,,,,,no,yes,,,,Na stavbi ob igrišču Doblar.,,,
11697215369,node,46.0832231,13.7409934,,,,,,,,,no,yes,,,,"Večnamenski prostor (nekdanja trgovina), Kal nad Kanalom 111E",,,
12563253202,node,46.1528507,13.7410270,,,,,,,,,no,yes,,On the wall of the building,"On the wall, near entrance",,,,
9867822367,node,46.1187604,13.8056193,,,,,,,,,no,yes,,,,,,,
9875873510,node,45.7420233,13.8632672,AED Križ - Vaški dom Križ,,,,,,,24/7,no,yes,,Na vaškem domu,,,,,
13087221764,node,45.7551101,13.8554415,AED Tomaj 12 - prostori KS Tomaj – pri balinišču,,,,,,,closed,,,,,,,,,
13087089891,node,45.7376767,13.8835551,AED - Filipčje Brdo 5,,,,,,,24/7,,,,,,,,,
6835609793,node,45.7388590,13.9288798,AED Štorje - Zadružni dom Štorje,,,,,,,24/7,no,,,,,,,,
13087089888,node,45.7568524,13.9453197,AED - Griže - Vaški dom,,,,,,,24/7,,,,,,,,,
13087188749,node,45.7641260,13.9068675,AED - Kazlje 40 - Vaški dom KS in AS Kazlje,,,,,,,24/7,,,,,,,,,
13087188743,node,45.7713051,13.9315988,AED Sela - središče vasi pri vaškem vodnjaku,,,,,,,24/7,,,,,,,,,
13087221766,node,45.7735464,13.9288945,AED Stomaž - središče vasi pri kapelici,,,,,,,24/7,,,,,,,,,
3830294216,node,45.8236322,13.8435987,,,,,,,,,no,,,on wall by the entrance,,,,,
13087221765,node,45.7951485,13.9036717,AED Štjak - Gasilski dom PGD Štjak,,,,,,,24/7,,,,,,,,,
12463084588,node,45.8325234,13.9081867,,,,,,,,,no,yes,,"outside, on the wall",,,,,
13087221761,node,45.7728711,13.9609314,AED Vrabče,,,,,,,24/7,,,,,,,,,
13087221762,node,45.7667949,13.9762727,AED Veliko Polje,,,,,,,24/7,,,,,,,,,
8757538507,node,45.8807422,13.8621835,,,,,,,,,no,,,outside on the wall,,,,,
12558621301,node,45.8884236,13.8632207,,,,,,,,,no,yes,,,on the wall near entrance,,,,
10282981651,node,45.8761142,13.8731624,,,,,,,,,no,yes,,,on the wall by the entrance,,,,
9161095813,node,45.8873522,13.9062968,,,,,,,,,no,,,,,,,,
12875176050,node,45.8872542,13.9093435,,,,,,,,24/7,no,yes,,,,,,,
12758066154,node,45.8816037,13.9199533,,,,,,,,,no,,,,,,,,
11607988266,node,45.8997633,13.8567849,,,,,,,,,no,yes,,Na steni stranišča,,,,,
12641429393,node,45.9277561,13.9111907,,,,,,,,,no,yes,,On the wall next to the entrance,,,,,
12961287315,node,45.8748855,13.9888260,,,,,,,,,no,yes,,,,,,,
12641504710,node,45.8972846,13.9645278,,,,,,,,,no,yes,,on the wall,,,,,
8364995429,node,45.9258347,14.0427503,,,,,,,,,,,,,,,,,
12544768290,node,45.7569238,14.0615902,,,,,,,,,,yes,,on the wall,,,,,
11446304112,node,45.7709869,14.0753035,,,,,,,,,no,yes,,,,,,,
9573951107,node,45.7864526,14.0878792,,,,,,,,,no,yes,,"outside, on the wall",,,,,
4922645571,node,45.7507321,14.1526072,,,,,,,,,no,,,,,,,,
12442415738,node,45.7771197,14.1532824,,,,,,,,,no,yes,,"outside, on the wall",,,,,
9269816806,node,45.7952948,14.1333817,,,,,,,,,,,,,,,,,
13104053909,node,45.8148552,14.1281738,,,,,,,,,no,,,,,,,,
5804164983,node,45.8223935,14.1407506,,,,,,,,,,,,,,,,,
13033803864,node,45.7451122,14.1948078,,,,,,,,24/7,no,yes,limited,,,,,,
5194667239,node,45.7692759,14.1977884,,,,,,,,,no,,,,,,,,
13101266724,node,45.7775013,14.2172264,,,,,,,,,no,,,Na zidu,,,,,
10115197278,node,45.9269249,14.1409904,,,,,,,,,no,yes,,"outside, on the wall",,,,,
11608830949,node,45.9090185,14.2025517,,,,,,,,,no,yes,,"outdoor, on the wall",,,,,
3055068041,node,45.9177715,14.2226839,,,,,,,,,no,yes,,"outdoor, on the wall",,,,,
7462173285,node,45.9138852,14.2237056,,,,,,,,,,yes,,,,,,,
7919786198,node,45.9166807,14.2278322,,,,,,,,24/7,,yes,yes,Left of main entrance to Zdravstveni dom Logatec,,,,,
11799441195,node,45.8974270,14.2549933,,,,,,,,,yes,,,by the entrance,,,,,
8365152016,node,46.0250517,13.9019308,,,,,,,,,no,,,,,,,,
8957006891,node,46.0437186,13.8946638,,,,,,,,,no,,,"on an building,. outside",,,,,
8364995418,node,45.9636216,13.9812269,,,,,,,,,no,yes,,"On the side of the shed, facing the river Idrijca",,,,,
6862963980,node,45.9819784,13.9740333,,,,,,,,,no,,,"Next to garage door, facing the road",,,,,
8364988603,node,45.9785620,13.9912830,,,,,,,,,no,,,On the roadside of the barn.,,,,,
8364995465,node,45.9873959,13.9958109,,,,,,,,,no,,,,,,,,
8364995419,node,45.9965764,13.9567120,,,,,,,,,no,,,Left of white garage door,,,,,
8364995445,node,46.0225357,13.9750566,,,,,,,,,,,,,,,,,
7194132085,node,46.0322774,14.0245654,,,,,,,,,no,yes,,outside by the fire station,,,,,
8365151976,node,46.0605397,13.8987343,,,,,,,,,no,,,In the doorless wooden garage,,,,,
8365151959,node,46.0922007,13.9169904,,,,,,,,,no,,,"Right of garage door, in recessed nook.",,,,,
6855457662,node,46.1102212,13.9328704,,,,,,,,24/7,no,,,,,,,,
8365022795,node,46.1489028,13.9062111,,,,,,,,,no,,,,,,,,
9867700744,node,46.0503186,13.9797872,,,,,,,,,no,,,,,,,,
8365152056,node,46.1004788,13.9555607,,,,,,,,,no,,,Right of white garage door.,,,,,
4510765642,node,46.0803443,13.9879084,,,,,,,,,no,,,,,,,,
8365022800,node,46.0711464,14.0063719,,,,,,,,,no,,,,,,,,
8957650454,node,46.0851320,14.0382179,,,,,,,,,yes,,,the key is in a box by the door,,,,,
8365151948,node,46.1221280,13.9557926,,,,,,,,,no,,,Below street address plate,,,,,
8365120290,node,46.1260760,13.9847914,,,,,,,,,no,,,Concrete pillar between garage doors,,,,,
13081267142,node,46.1347298,13.9580734,,,,https://pgd-zakriz.si/wp-content/uploads/2025/04/20250407_115203-1024x576.jpg,,,PGD Zakriž,,no,yes,,On the west corner of a woodworking workshop.,,,,,
8364995470,node,46.1358419,13.9683197,,,,https://pgd-zakriz.si/wp-content/uploads/2024/12/Lokacija-Defibrilatorja-1024x640.jpg,,,PGD Zakriž,,no,yes,,On the front wall of the fire station facing the road.,,,,,
8365151943,node,46.1238412,14.0082579,,,,,,,,,yes,,,,,,,,
8957665546,node,46.1275304,14.0028680,,,,,,,,,no,yes,,by the bus stop,,,,,
7211843486,node,45.9577089,14.0923185,,,,,,,,,no,yes,,,,,,,
10307656079,node,45.9710099,14.1309260,,,,,,,,,no,yes,,"outside, on the wall",,,,,
4172654791,node,45.9965345,14.0691643,,,,,,,,,no,,,Right of garage door,,,,,
8365152013,node,46.0244590,14.0878108,,,,,,,,,no,,,"Side of the building, covered with roof, above wooden benches",,,,,
8936424394,node,45.9544035,14.2067617,,,,,,,,,no,yes,,,,,,,
9010558521,node,45.9859422,14.1750294,,,,,,,,,no,yes,yes,"outside, on the wall",,,,,
9608963528,node,45.9530965,14.2242073,,,,,,,,24/7,no,yes,yes,,,,,,
12567097102,node,45.9702054,14.2342280,,,,,,,,,no,yes,,AED,,,,,
9024767682,node,45.9584952,14.2489386,,,,,,,,,,,,,,,,,
10782783009,node,45.9714803,14.2513736,,,,,,,,,no,yes,,"outside, on teh wall",,,,,
11530790031,node,46.0415080,14.2361159,,,,,,,,,no,yes,,,,,,,
9867609562,node,46.0625243,14.1000923,,,,,,,,,no,yes,,Mounted on a wall next to door,,,,,
10157641074,node,46.0936143,14.1560531,,,,,,,,,no,,,,,,,,
12709602917,node,46.2466828,13.4559459,,,,,,,,,no,yes,,,,,,,
13204590779,node,46.2561072,13.4830264,,,,,,,,,no,yes,,,,,,,
12438615981,node,46.2029496,13.5996295,,,,,,,,,no,yes,,,,,,,
11848345800,node,46.2443514,13.5660178,,,,,,,,,no,,,,"on the camp ground, under the roof from the outdoor seating",,,,
13195230502,node,46.2453791,13.5778393,,,,,,,,,no,yes,,,,,,,
9158300258,node,46.2474786,13.5786322,,,,,,,,24/7,no,yes,,outside,,,,,
9158937983,node,46.2322975,13.5922827,,,,,,,,,no,yes,,Zunaj na vratih.,,,,,
12876539716,node,46.2454577,13.5819732,,,,,,,,24/7,no,yes,no,Coming from the main street straight across the parking space on the wall,,,,,
12709617629,node,46.2466006,13.5809417,,,,,,,,,yes,,,Inside of museum. Available during the museum opening.,,,,,
12709617630,node,46.2454997,13.5852942,,,,,,,,,no,yes,,"under the roof, by the trolley bay",,,,,
9158606638,node,46.2509597,13.5866481,,,,,,,,,no,,,On the opposite side of the reception,,,,,
12709617631,node,46.2509160,13.5867425,,,,,,,,,no,,,Available during the camp opening,,,,,
12709581162,node,46.2363831,13.6053521,,,,,,,,,yes,yes,,,,,,,
12709594068,node,46.2342208,13.6129016,,,,,,,,,,yes,,,,,,,
10005434021,node,46.2555357,13.6163605,,,,,,,,24/7,no,,,,,,,,
12709598676,node,46.2622396,13.4276969,,,,,,,,,no,yes,,,,,,,
8959779608,node,46.3042685,13.4812858,,,,,,,,,no,,,Exterior wall right of the front next to the electricity pylon,,,,,
12083523026,node,46.2803222,13.5521065,,,,,,,,,,,,,,,,,
12709638243,node,46.2694034,13.5936858,,,,,,,,,no,yes,,Outside walmounted,,,,,
12709632210,node,46.2685811,13.6081105,,,,,,,,,no,yes,,,,,,,
7204234489,node,46.3210495,13.5499242,,,,,,,Vančar,,yes,yes,no,by the entrance,,,,,
12762896301,node,46.3322297,13.5749597,,+38641760651,,,,,,,no,yes,,,,KAMP LIZA / PRED VHODOM V RECEPCIJO LEVO OD VRAT NA STENI,,,
11897492791,node,46.1762394,13.7083732,,,,,,,,,,,,,,,,,
9869955992,node,46.2248367,13.6444789,,,,,,,,,no,yes,,,,,,,
9870085454,node,46.2413947,13.6597981,,,,,,,,,no,,,,,,,,
12031094568,node,46.2511787,13.8377890,,,,,,,,,,,,,,,,,
13159947445,node,46.2886760,13.6962636,,,,,,,,,yes,yes,,,,,,,
11096725848,node,46.3426414,13.6682044,,,,,,,,,no,yes,,Next to the door,,,,,
13096655047,node,46.2756647,13.8353876,,,,,,,,,yes,,,,,,,,
13009033107,node,46.2799507,13.8285848,,,,,,,,,no,yes,,,,,,,
13009058788,node,46.2896600,13.7992239,,,,,,,,,no,yes,,,,,,,
11611340314,node,46.4059817,13.6030530,Log pod Mangartom,,,,,,,24/7,no,,,,,,,,
4426123136,node,46.3807187,13.7526829,,,,,,,,,no,yes,,,,,,,
12537540383,node,46.4762352,13.7241543,,,,https://ocdn.eu/pulscms-transforms/1/b7ek9kuTURBXy81ZTE5MmZmYy1lODZhLTQ1YWUtODdjNS05ZjA4ZTgwYTE1ZGQuanBlZ5GTAs0DSM0Cdt4AAqEwBqExAQ,,,,,no,yes,,,,,,,
4649060895,node,46.4981540,13.7136303,Ratece Planica,,,,,,,24/7,no,,,,,,,,
4649084044,node,46.4934179,13.7574080,Podkoren,,,,,,,24/7,no,,,,,,,,
9947560808,node,46.4743467,13.7825768,,,,,,,,24/7,no,yes,,In a white box in front (outside) of the toilet house,,,,,
4649087143,node,46.4861499,13.7800519,Hotel Kompas defibrillator,,,,,,,,yes,no,,,,,,,
4649088081,node,46.4845686,13.7802230,Ramada Resort defibrillator,,,,,,,,yes,no,,,,,,,
4649093923,node,46.4815562,13.7815277,Hotel Kranjska Gora,,,,,,,,yes,no,,"Vršiška cesta 38, SI-4280 Kranjska Gora",,,,,
4649080849,node,46.4855871,13.7875487,PGD Kranjska Gora,,,,,,,24/7,no,,,Mittig am Gebäude neben der Eingangstür,,,,,
4649090144,node,46.4854042,13.7825284,Zdravstvena postaja Kranjska gora,,,,,,,,yes,no,,,,,,,
4649090851,node,46.4851907,13.7828719,Gorenjske lekarne - Lekarna Kranjska Gora,,,,,,,,yes,,,,,,,,
4649094277,node,46.4826423,13.7871136,Igralniško-zabaviščni center Korona,,,,,,,24/7,yes,,,,,,,,
4649099584,node,46.4877073,13.7896843,Lekarna Kranjska gora,,,,,,,,yes,no,,,,,,,
4649103287,node,46.4849954,13.8288249,PGD Gozd Martuljek,,,,,,,24/7,no,,,,,,,,
4649110975,node,46.4898744,13.8376218,"PGD Gozd - Martuljek, Orodišče Srednji Vrh",,,,,,,24/7,no,,,,,,,,
12612733354,node,46.2063572,13.8911054,,,,,,,,,no,,,"On the wall, on the left of the garage door",,,,,
13009031691,node,46.2771933,13.8626045,,,,,,,,,no,,,,,,,,
9990782788,node,46.2768515,13.8876219,,,,,,,,24/7,no,yes,,"Zelena okrogla škatla, zunaj, na steni, desno od vhoda v info center Bohinj","Green round box, outside on the wall, right of the entrance to the Tourist info centre",,,,
13009049277,node,46.2767882,13.8875692,,,,,,,,,,yes,,,,,,,
13009064269,node,46.2816578,13.8815735,,,,,,,,,,yes,,,,,,,
11140983549,node,46.3101675,13.8823688,,,,,,,,,no,,,outside the main entrance,,,,,
10020406121,node,46.2677031,13.9102654,,,,,,,,24/7,no,yes,,"Zelena okrogla škatla, zunaj, na steni, desno od vhoda v info center Bohinj","Green round box, outside on the wall",,,,
12020057869,node,46.2715619,13.9160010,,,,,,,,24/7,no,yes,yes,Zelena okrogla škatla na fasadi gasilskega doma / Green round box on the facade of the fire brigade building,Green round box on the facade of the fire brigade building.,Zelena okrogla škatla na fasadi gasilskega doma.,,,
13009050976,node,46.2748360,13.9234540,,,,https://img.mojaobcina.si/img/358/H_MAX_1024x768/1812_1752823546_1136692_1.jpg,,,,,no,yes,,,,,,,
13019358117,node,46.2754980,13.9280828,,,,https://obcina.bohinj.si/Files/Gallery/23/100415/l_225039Defibrilator%20-%20Brod%20-%20Biv%C5%A1a%20mlekarna.jpg,,,,,no,yes,,,,,,,
11167124748,node,46.2876403,13.8943086,,,,,,,,,no,,,,,,,,
13009349802,node,46.2949989,13.9148072,,,,,,,,,no,yes,,,,,,,
12009504904,node,46.2966031,13.9286513,,,,https://obcina.bohinj.si/Files/Gallery/23/64841/l_225043Defibrilator%20-%20Srednja%20vas%20-%20Gasilski%20dom.jpg,,,,,no,yes,,,,,,,
13009411780,node,46.2684001,13.9570701,,,,https://obcina.bohinj.si/Files/Gallery/23/100422/l_225031Defibrilator%20-%20Bohinjska%20Bistrica%20-%20Re%C5%BEijski%20obrat.jpg,,,,,no,yes,,,,,,,
13009402847,node,46.2627508,13.9685085,,,,https://obcina.bohinj.si/Files/Gallery/23/277241/l_331671Defibrilator%20-%20Ravne%20v%20Bohinju.png,,,,,no,yes,,,,,,,
13009393948,node,46.2726299,13.9514062,,,,,,,,,no,yes,,,,,,,
13019340341,node,46.2722792,13.9569145,,,,,,,,,yes,,,,,,,,
13019340342,node,46.2719541,13.9547828,,,,,,,,,yes,,,,,,,,
13009373421,node,46.2843247,13.9625072,,,,https://obcina.bohinj.si/Files/Gallery/23/64846/l_225032Defibrilator%20-%20Bitnje%20-%20Gasilski%20dom.jpg,,,,,no,yes,,,,,,,
13009384707,node,46.2718115,13.9808797,,,,https://obcina.bohinj.si/Files/Gallery/23/64847/l_225034Defibrilator%20-%20Nem%C5%A1ki%20Rovt%20-%20Gasilski%20dom.jpg,,,,,no,yes,,,,,,,
13009338386,node,46.2956985,13.9465388,,,,https://obcina.bohinj.si/Files/Gallery/23/64842/l_225030Defibrilator%20-%20Bohinjska%20Ce%C5%A1njica%20-%20Gasilski%20dom.jpg,,,,,no,yes,,,,,,,
13009344622,node,46.2963427,13.9609970,,,,https://obcina.bohinj.si/Files/Gallery/23/100423/l_225037Defibrilator%20-%20Jereka%20-%20Biv%C5%A1a%20Mlekarna.jpg,,,,,no,yes,,,,,,,
13009354274,node,46.3046961,13.9809764,,,,https://obcina.bohinj.si/Files/Gallery/23/64843/l_225035Defibrilator%20-%20Koprivnik%20-%20Gasilski%20dom.jpg,,,,,no,yes,,,,,,,
13009390261,node,46.2926181,14.0063398,,,,https://obcina.bohinj.si/Files/Gallery/23/64848/l_225033Defibrilator%20-%20Nomenj%20-%20Gasilski%20dom.jpg,,,,,no,yes,,,,,,,
13009373612,node,46.3162014,14.0112222,,,,https://obcina.bohinj.si/Files/Gallery/23/64845/l_225038Defibrilator%20-%20Gorju%C5%A1e%20-%20Gasilski%20dom.jpg,,,,,no,yes,,,,,,,
9866185922,node,46.1844879,14.2144011,,,,,,,,,no,,,,,,,,
11391769429,node,46.3494928,14.0669515,,,,,,,,,yes,yes,,Desna stran zgradbe,,,,,
7603590675,node,46.3632915,14.0828821,,,,,,,,,no,yes,yes,"On the entrance to the public toilets, left wall",,,,,
6020497343,node,46.3573981,14.1012117,,,,,,,,,,,,,,,,,
12731777408,node,46.3596365,14.0983740,,,,,,,,,,,,,,,,,
12731750453,node,46.3492283,14.1264197,,,,,,,,,,,,,,,,,
12731779772,node,46.3491583,14.1351195,,,,,,,,,,,,,,,,,
13099794492,node,46.3612979,14.1335267,,,,,,,,,no,,,,,,,,
12135927801,node,46.3070201,14.2192610,,,,,,,,,no,yes,,,,"Na obcestni fasadi gasilskega doma, Sr. Dobrava 7, 4245 Kropa",,,
5611835475,node,46.3433211,14.1721657,,,,,,,,,,,,attached to the wall outside,,,,,
12000975827,node,46.3402468,14.1762926,,,,,,,,,no,,,On the wall near the corner,,,,,
10980415683,node,46.3443541,14.1738203,,,,,,,,,no,,,,,,,,
10980526839,node,46.3465385,14.1753826,,,,,,,,,yes,,,,,,,,
12973868709,node,46.3482076,14.1703983,,,,,,,,,no,yes,,,,,,,
12973942109,node,46.3439059,14.1716320,,,,,,,,,no,yes,,,,,,,
11809776718,node,46.3604854,14.1581427,defibrillator QED,,,,,,,,no,yes,,,,,,,
13109915288,node,46.3610155,14.1589741,,,,,,,,,no,,,,,,,,
12980620302,node,46.3117233,14.2384151,,,,,,,,,no,yes,,zunaj ,,,,,
13192320303,node,46.4395654,14.0441487,,,,,,,,,no,yes,,,,,,,
4649112614,node,46.4760652,13.9097632,Stanovanjska hisa Belca,,,,,,,24/7,no,,,,,,,,
7797292486,node,46.3697114,14.1004607,,,,,,,,,no,,,,,,,,
12092897042,node,46.3728893,14.1004765,,,,,,,,,no,,,Next to the door,,,,,
6667996534,node,46.3935878,14.0857246,,,,,,,,,yes,,,Ask staff,,,,,
11285779060,node,46.4151927,14.0806271,,,,,,,,,,,,,,,,,
5613434285,node,46.3684465,14.1084362,,,,,,,,24/7,no,yes,limited,attached to the wall outside,,,,,
11169923795,node,46.3687850,14.1186921,,,,,,,,,,,,,,,,,
13095740523,node,46.3675918,14.1220448,,,,,,,,,no,,,,,,,,
12104729164,node,46.3884782,14.1059205,,,,,,,,,no,,,On the right side of the entrance door,,,,,
13097614552,node,46.3666519,14.1353176,,,,,,,,,no,,,,,,,,
11455507268,node,46.3958306,14.1523680,,,,,,,,,no,yes,,,,,,,
11072924962,node,46.4075542,14.1479186,,,,,,,,,,,,,,,,,
11822367359,node,46.4319425,14.0635100,,,,,,,,24/7,,yes,,,in the public transport building,,,,
9404718968,node,46.4276880,14.1011468,,,,,,,,,no,,,,,,,,
11953827980,node,46.4661944,14.0509940,,,,,,,,,,,,,,,,,
8572987789,node,46.3752444,14.1986579,,,,,,,,,no,yes,,outside on the wall,,,,,
12973835833,node,46.4299797,14.2183255,,,,,,,,,no,yes,,"Pred vhodom
In front of the entrance",,,,,
12073278519,node,45.7727974,14.3575861,,,,,,,,,no,yes,,"Na zadnji strani stavbe.
At the back of the building.",,,,,
6724418659,node,45.8193819,14.2900460,,,,,,,,,no,yes,yes,"outside, on the wall",,,,,
10588933854,node,45.8341974,14.2955698,,,,,,,,,no,,,,,,,,
11572441898,node,45.7976319,14.3628557,,,,,,,,,no,yes,,"outside, on the wall",,,,,
9740687087,node,45.7604365,14.4259280,,,,,,,,,no,,,"outside from the fire station, right",,,,,
12307344303,node,45.7898208,14.4058290,,,,,,,,,no,,,,,,,,
11220133225,node,45.8168918,14.3821340,,,,,,,,,no,yes,,"outside, on the wall",,,,,
9999739117,node,45.9195316,14.3654751,,,,,,,,,no,yes,,,,,,,
11422498116,node,45.9366709,14.3630962,,,,,,,,,yes,yes,,,,,,,
8268386113,node,45.8460480,14.4171055,,,,,,,,,,permissive,yes,outside on the wall,,,,,
12086660571,node,45.8907284,14.4391155,,,,,,,,,no,,,Against the wall,,,,,
11872364269,node,45.9075729,14.4002508,,,,,,,,,,,,,,,,,
12082695055,node,45.9285544,14.4710687,,,,,,,,,yes,,,Entrance 1st floor,,,,,
8551863904,node,45.9561976,14.3026822,,,,,,,,,no,yes,yes,"on the wall, outside",,,,,
12038016086,node,45.9632783,14.2980318,,,,,,,,,,,,,,,,,
6684715691,node,45.9639663,14.2972114,,,,,,,TIC Vrhnika,24/7,no,yes,yes,outside by the entrance,,,,,
8870408695,node,45.9676233,14.2981386,,,,,,,,,no,yes,yes,"outside, on the wall",,,,,
10048719804,node,45.9757890,14.3070922,,,,,,,,,no,,,In the corner of Hofer. Under a roof next to the bike stands,,,,,
12033922270,node,45.9744171,14.3123186,,,,,,,,,,,,,,,,,
12657596223,node,45.9773508,14.3114452,,,,,,,,,no,yes,,"outside, on the wall",,,,,
11063677905,node,45.9809118,14.3541492,,,,,,,,,no,yes,,,,Na steni ob garažnih vratih,,,
8047410725,node,46.0190213,14.2745504,,,,,,,,,no,yes,yes,"on the wall, outside",,,,,
6542976285,node,46.0225005,14.2961049,,,,,,,,,,,,,,,,,
8314999408,node,46.0226358,14.2986744,,,,,,,,,,yes,,outside,,,,,
5378352993,node,46.0246871,14.2953973,,,,,,,,,,,,,,,,,
12625619101,node,46.0054931,14.3492960,,,,,,,,,no,yes,,AED ,,,,,
9969766155,node,46.0073139,14.3531275,,,,,,,,,,,,,,,,,
8318802536,node,46.0258372,14.3275091,,,,,,,,,no,permissive,yes,"outside, on the wall",,,,,
8755528498,node,45.9733275,14.4194370,,,,,,,,,no,yes,yes,"outside, on the wall",,,,,
6284319929,node,45.9711176,14.4345588,,,,,,,,24/7,,yes,,Na fasadi gasilskega doma,,,,,
11457203489,node,46.0087609,14.3710644,,,,,,,,,no,yes,,"Outside, on the wall",,,,,
12655876185,node,46.0181005,14.3849222,,,,,,,,,no,yes,,"outside, on the wall",,,,,
9603525203,node,46.0096579,14.4154643,,,,,,,,24/7,no,yes,yes,,,,,,
12509454992,node,46.0167688,14.4121708,,,,,,,,,,,,,,,,,
12399042413,node,46.0201871,14.4230056,,,,,,,,,no,yes,,,,,,,
1277491490,node,46.0234970,14.4199916,,,,,,,,,no,,,,,,,,
11161389439,node,46.0246934,14.4212582,,,,,,,,,no,yes,,,Clearly marked and visible from parking in front of building,,,,
8268288102,node,46.0384932,14.4691790,,,,,,,Petrol d.d.,,yes,permissive,,"inside, on the shop wall by the window, left of the entrance",,,,,
10786714209,node,46.0457997,14.4643830,,,,,,,,,no,yes,,,,,,,
12862184124,node,46.0687993,14.2724547,,,,,,,,24/7,no,yes,yes,,by the fire station outside,,,,
11739193800,node,46.1004554,14.3543126,,,,,,,,,no,,,,,,,,
10659816407,node,46.1157826,14.3459300,,,,,,,,,,,,,,,,,
11921748168,node,46.1279552,14.3385406,,,,,,,,,,yes,,,,,,,
7717180437,node,46.1530368,14.3443326,,,,,,,Gasilsko društvo,,yes,permissive,no,"inside, call 112 for access",,,,,
12376279424,node,46.0677233,14.4089615,,,,,,,,,,yes,,,,,,,
6504122342,node,46.0515526,14.4556522,,,,,,,Kinološko društvo,,no,yes,yes,"outside, by the entrance",,,,,
6481209186,node,46.0494310,14.4606179,,,,,,,Tehnološki park,,yes,permissive,yes,In the porter's hall on the wall,,,,,
6150613751,node,46.0502784,14.4683518,,,,,,,,,yes,permissive,yes,"inside, wall by the reception desk",,,,,
7044527077,node,46.0504427,14.4676301,,,,,,,,,yes,,,"1. nadstropje, pri vhodu v B lamelo",,,,,
6339431775,node,46.0974023,14.4650001,,,,,,,,,no,,,"Outside, right next to the entrance",,,,,
12265814740,node,46.1251892,14.3803339,,,,,,,,,no,,,Ob cesti na steni zgradbe.,,,,,
13256779859,node,46.1501477,14.3889543,,,,,,,,,no,yes,,,,,,,
12108317505,node,46.1330949,14.4097182,,,,,,,,,no,yes,,,,,,,
10876001036,node,46.1346894,14.4094211,,,,,,,,,no,yes,,"outside, on the wall",,,,,
6716221947,node,46.1412800,14.3961775,,,,,,,,24/7,no,yes,yes,outside by the entrance,,,,,
9260981074,node,46.1085274,14.4361849,,,,,,,,,no,yes,,"outside, on the wall",,,,,
7493006734,node,46.1176721,14.4201986,,,,,,,Krajevna skupnost Seničica - Golo Brdo,24/7,no,yes,yes,"outside, on the wall by the entrance",,,,,
9233775966,node,46.1220830,14.4376404,,,,,,,,,no,yes,,"outside, on the wall",,,,,
6795805820,node,46.1092123,14.4624147,,,,,,,,24/7,,yes,yes,"outside on the wall, near the bar entaramce",,,,,
8291732269,node,46.1190265,14.4640091,,,,,,,Dom krajanov,,no,permissive,yes,"outside, on the wall",,,,,
12804830909,node,46.1406029,14.4290449,,,,,,,,,no,,,,,,,,
11821142071,node,46.0290011,14.4821866,,,,,,,,,yes,yes,limited,,By the entrance to the fuel shop,,,,
6236274433,node,46.0423191,14.4703561,,,,,,,ČS Rožnik,24/7,no,yes,yes,"outside, by the door",,,,,
10981607485,node,46.0391320,14.4768345,,,,,,,Interspar Ljubljana,,yes,yes,yes,"In the hallway by the cashiers, left side, on a pillar",,,,,
6052847350,node,46.0422625,14.4888453,,,,,,,IJS,Mo-Fr 07:00-18:20,wall,permissive,yes,"in the hall, access through main entrance at night",,,,,
12133608803,node,46.0419528,14.4873566,,,,,,,IJS,,wall,permissive,limited,"in the hall near entrance, ground floor",,,,,
6231269615,node,46.0420671,14.4900813,,,,,,,FMF,,yes,permissive,yes,in the entrance hall on the wall,,,,,
13287818637,node,46.0419477,14.4902595,,,,,,,,,yes,,,ob vhodu,,,,,
6229912035,node,46.0447234,14.4895959,,,,,,,Fakulteta za elektrotehniko,07:00-21:00,yes,permissive,,"enter, turn left past the reception desk, then left into a corroidor; in a rescue box on the wall",,,,,
6231269614,node,46.0425935,14.4897312,,,,,,,FMF,,yes,permissive,yes,in the entrance hall on the wall,,,,,
476458627,node,46.0460641,14.4904293,,,,,,,AJPES,,yes,no,,"entrance hall, beside reception desk on the wall",,,,,
5741929866,node,46.0457303,14.4950598,,,,,,,,,yes,,,"in the entrance hall, reception",,,,,
6096931596,node,46.0432352,14.4915475,,,,,,,,,wall,,,in the hall,,,,,
6227947958,node,46.0445792,14.4902908,,,,,,,Elektroinštitut Milan Vidmar,,yes,permissive,,in the hall on the wall,,,,,
6229912018,node,46.0455343,14.4913111,,,,,,,,,yes,permissive,yes,in the entrance hall,,,,,
6229912024,node,46.0453449,14.4905580,,,,,,,,,yes,no,no,"inside, ground floor, ask at the reception desk; second unit on the 1st floor",,,,,
6229912033,node,46.0446737,14.4906385,,,,,,,IBE,,yes,permissive,,"in the entrance hall, opposite to the reception desk",,,,,
6231015692,node,46.0471412,14.4951951,,,,,,,,,yes,permissive,yes,on a pillar in the middle of the entrance hall,,,,,
6233132998,node,46.0468697,14.4913907,,,,,,,SVIZ,24/7,no,yes,,"outside, by the door",,,,,
6241733006,node,46.0455905,14.4920552,,,,,,,Ministrstvo za infrasktrukturo,,yes,permissive,yes,"in the entrance hall, wall by the reception",,,,,
10212583317,node,46.0331859,14.5219653,,,,,,,,,yes,customers,,"V recepciji, ob vhodu, na pultu","At the reception, near entrance, on the counter","Na recepciji, znotraj, desno od glavnega vhoda, na pultu",,,
6386044460,node,46.0414976,14.4975355,,,,,,,Babit,,yes,no,no,inside,,,,,
6386044474,node,46.0405634,14.4992930,,,,,,,,,no,yes,yes,"in the building passage, outside the entrance",,,,,
6231269612,node,46.0464514,14.4972826,,,,,,,NTF,,yes,,,on the wall by the entrance,,,,,
6264117640,node,46.0454367,14.4988103,,,,,,,Rdeči križ Slovenije,24/7,no,yes,,"outside, by the door",,,,,
5629133018,node,46.0476515,14.5045884,,,,,,,,,yes,,,,,,,,
6137423087,node,46.0474670,14.5044046,,,,,,,SAZU,,,permissive,yes,outside,,,,,
6258270341,node,46.0439579,14.5083191,,,,,,,,24/7,no,yes,yes,outside,,,,,
13066967101,node,46.0469698,14.5066574,,,,,,,,,,,,,,,,,
9258582153,node,46.0485975,14.5165187,,,,,,,,,yes,permissive,,"inside on the wall, from entrance to the right",,,,,
6817530216,node,46.0173243,14.5348886,,,,,,,Bauhaus,,yes,permissive,yes,inside at the info desk,,,,,
12582282302,node,46.0185593,14.5304172,,+386 01 810 91 78,,,,,,,yes,private,,,,"V trgovini Decathlon Rudnik, na steni pri informacijah",,,
6258296003,node,46.0206953,14.5375221,,,,,,,E.Leclerc,,yes,no,yes,in the entrance hall at the office,,,,,
6457420732,node,46.0013125,14.5539402,,,,,,,,,no,,,,,,,,
6376011382,node,46.0128407,14.5717783,,,,,,,,,no,,,,,,,,
6241802346,node,46.0249279,14.5383312,,,,,,,Hofer,24/7,no,yes,yes,"outside, in the corner on a wall",,,,,
11500614152,node,45.9760351,14.6121135,,,,,,,,,no,yes,yes,"outside, on the wall next to ATM",,,,,
8268169145,node,45.9614999,14.6684971,,,,,,,,,no,permissive,,"on the wall, outside",,,,,
8072872458,node,46.0169410,14.6231337,,,,,,,,,no,yes,,"on the wall, outside",,,,,
6231365575,node,46.0527182,14.4722001,,,,,,,Zoo Ljubljana,,yes,,,inside clinic / v ambulanti,,,,,
6231367219,node,46.0524278,14.4800014,,,,,,,Gozdarski institut,24/7,,permissive,limited,"outside, on the wall by the entrance",,,,,
11741867996,node,46.0557918,14.4768393,,,,,,,,,yes,permissive,,inside,,,,,
12921115306,node,46.0559937,14.4737768,,,,,,,,,yes,,,,,,,,
6240640346,node,46.0509906,14.4870488,,,,,,,,,yes,permissive,yes,in the hall by the reception desk on the wall,,,,,
10978913005,node,46.0723804,14.4866904,,,,,,,,,no,yes,,,,Na zunanji steni med bankomatom in vhodom v banko.,,,
8358862496,node,46.0513522,14.5012423,,,,,,,,,yes,,,,,,,,
5629133019,node,46.0499957,14.5038159,,,,,,,,,yes,,,"Left after the stars, on the left side of the toilet entrance",,,,,
6150613750,node,46.0499280,14.5069394,,,,,,,,,yes,permissive,no,"inside, wall by the entrance",,,,,
6672706098,node,46.0509436,14.5069353,,,,,,,MOL,,yes,,,,,,,,
10287452123,node,46.0539700,14.5058755,AED - Gorenjska banka,,,,,,,,no,,,"On a blue pillar with a ""Gorenjska banka"" sign",,,,,
10706691222,node,46.0550497,14.5076922,,,,,,,,,yes,,,,,,,,
11495665424,node,46.0492077,14.5086601,,,,,,,,,no,yes,,"outside, on the wall next to ATM",,,,,
11637522860,node,46.0533835,14.5066686,,,,,,,,24/7,no,,,outside the entrance,,,,,
12187279840,node,46.0561167,14.5022833,,,,,,,,,no,yes,,,,,,,
6882211497,node,46.0509883,14.5104410,,,,,,,Turizem Ljubljana,24/7,yes,yes,yes,At the reception desk In the building passage,,,,,
7273808185,node,46.0550288,14.5112451,,,,,,,MOL,,yes,,,,,,,,
6030133481,node,46.0500853,14.5208099,,,,,,"V kabini gasilskega vozila GVC 16/25
Inside the cabin of GVC 16/25 Firetruck",Gasilsko Društvo Ljubljana Mesto,,yes,,,,,,,,
6030158254,node,46.0521525,14.5195605,AED - Stomatološka klinika,,,,,Not available 24/7 Not available publicly Not available all year round,Stomatološka klinkia,,yes,private,,,,,,,
6030158255,node,46.0522359,14.5207312,AED - Onkološki Inštitut,,,,,"Not available 24/7
Not available publicly
Not available all year round ",Onkološki Inštitut,,yes,private,,,,,,,
6030207901,node,46.0541240,14.5226823,"AED - Univerza v Ljubljani, Medicinska fakulteta Ljubljana",,,,,"Not available 24/7
Not available publicly
Not available all year round","Univerza v Ljubljani, Medicinska fakulteta Ljubljana",,yes,,,,,,,,
6030238690,node,46.0536927,14.5211655,AED - Univerzitetni klinični center Ljubljana,,,,,"Not available 24/7
Not available publicly
Not available all year round",Univerzitetni klinični center Ljubljana,,yes,,,,,,,,
8978482744,node,46.0647570,14.5131066,,,,,,,,,no,permissive,yes,"outside, on the wall",,,,,
8978482745,node,46.0644899,14.5137766,,,,,,,,,yes,permissive,,inside,,,,,
6498381285,node,46.0713632,14.5184477,,,,,,,,,yes,,,,,,,,
9663554003,node,46.0799186,14.4811631,,,,,,,,,no,yes,,"outside, on the wall",,,,,
10789435481,node,46.0779225,14.4832273,,,,,,,,,yes,,,In buffer zone between outer and inner doors at top level toward playgrounds,,,,,
7977708107,node,46.0796926,14.5011136,,,,,,,,,no,yes,yes,"outside, by the entrance on the wall",,,,,
11288287446,node,46.0777426,14.5057994,,,,,,,,,,,,,,,,,
8043252906,node,46.0791073,14.5156250,,,,,,,,,yes,permissive,,,,,,,
6258392375,node,46.0811237,14.5192102,,,,,,,,24/7,no,yes,yes,"outside, by the entrance",,,,,
6030175670,node,46.0529280,14.5238068,AED - Inštitut za mikrobiologijo in imunologijo,,,,,"Not available 24/7
Not available publicly
Not available all year round ",Inštitut za mikrobiologijo in imunologijo,,yes,private,,,,,,,
6030198915,node,46.0543341,14.5252628,AED - Zavod za transfuzijsko medicino,,,,,"Not available 24/7
Not available publicly
Not available all year round ",Zavod za transfuzijsko medicino,,yes,private,,,,,,,
6030238687,node,46.0542726,14.5270144,AED - Reševalna postaja UKC Ljubljana,,,,,"Not available 24/7 Not available publicly , Not available all year round",Reševalna postaja UKC Ljubljana,,yes,,,,,,,,
6030238688,node,46.0545032,14.5285814,Zavod za zdravstveno varnost Ljubljana,,,,,"Not available 24/7
Not available publicly
Not available all year round ",Zavod za zdravstveno varnost Ljubljana,,,,,,,,,,
6029713828,node,46.0507171,14.5326546,"AED - Univerza v Ljubljani, Fakulteta za šport",,,,,,,,,private,,,,,,,
6029721895,node,46.0494144,14.5299836,AED - SRC Tivoli- KOPALIŠČE KODELJEVO,,,,,,,,,,,,,,,,
6030238689,node,46.0572466,14.5264141,,,,,,"Outside - Left from the main entrance to the block of flats
Zunaj - Levo od glavnega vhoda v stanovanjski bloka",,,no,,,,,,,,
5324342376,node,46.0560370,14.5334568,,,,,,,,,yes,,,,,,,,
6029692931,node,46.0513057,14.5416781,,,,,,,,,yes,,,,,,,,
12492157614,node,46.0602269,14.5373129,,,,,,,,,,,,,,,,,
12766483008,node,46.0696570,14.5481010,,,,,,,,,yes,permissive,,inside,,,,,
12666455597,node,46.0565425,14.5573445,,,,,,,,,,,,,,,,,
6320243207,node,46.1028915,14.5313340,,,,,,,,,no,,,,,,,,
5375952554,node,46.1293012,14.5583671,,,,,,,,,,,,,,,,,
5359001892,node,46.1332925,14.5621015,,,,,,,,,,,,,,,,,
5324305453,node,46.0538343,14.5823522,,,,,,,,,no,,,,,,,,
5351133355,node,46.0515977,14.6023767,,,,,,,,,,,,,,,,,
6243228523,node,46.0945782,14.5976530,,,,,,,IJS,,yes,permissive,,"entrance hall, on the wall",,,,,
12376483480,node,46.0936853,14.5959257,,,,,,,IJS,,yes,permissive,,,,,,,
12376483479,node,46.0949307,14.5946412,,,,,,,IJS,,yes,permissive,,,,,,,
12716180926,node,46.0875273,14.6397800,,,,,,,,,no,yes,,"outside, on the wall",,,,,
10844780183,node,46.1370602,14.5939067,,,,,,,,,no,yes,,"outside, on the wall",,,,,
6362908486,node,46.1476335,14.6100384,,,,,,,,24/7,,yes,,,,,,,
5433222640,node,45.7379169,14.7282655,,,,,,,,,,,,,,,,,
5433222639,node,45.7410682,14.7285219,,,,,,,,,,,,,,,,,
12254513222,node,45.7683196,14.8848464,,,,,,,PGD Hinje,,,yes,,,,,,,
9622500445,node,45.7963233,14.8871797,,,,,,,,,no,yes,,"outside, on the wall",,,,,
12254528899,node,45.8515972,14.8815849,,,,,,,PGD Šmihel pri Žužemberku,,no,yes,,,,,,,
2936298101,node,45.8137343,14.9088163,Gradenc,,,,,,,,,,,,,,,,
12254526684,node,45.8130624,14.9098967,,,,,,,Občina Žužemberk,,no,yes,,,,,,,
12254504970,node,45.8308655,14.9296899,,,,,,,Občina Žužemberk,,no,yes,,,,,,,
12254508998,node,45.8321598,14.9302058,,,,,,,ZD Novo mesto,,yes,private,,,,,,,
10633421212,node,45.8096236,14.9669348,,,,,,,,,no,yes,yes,"Outside, on the wall",,,,,
10925317041,node,45.7426130,15.0393839,,,,,,,,,no,yes,,"outside, on the wall",,,,,
10856238447,node,45.7558932,15.0597525,,,,,,,,,no,yes,,"outside, on the wall",,,,,
12254530928,node,45.8286641,15.0104216,,,,,,,PGD Ajdovec,,no,yes,,,,,,,
12254531319,node,45.8603162,14.8969946,,,,,,,PGD Križi,,no,yes,,,,,,,
12254530484,node,45.8536652,14.9298509,,,,,,,PGD Reber,,no,yes,,,,,,,
10633393443,node,45.8854741,14.9081051,,,,,,,,,no,yes,yes,"Outside, on the wall",,,,,
9200286176,node,45.8763398,14.9783049,,,,,,,,,no,yes,,"outside, on the wall",,,,,
8643875824,node,45.9001287,14.9344829,,,,,,,,,no,yes,yes,"outside, on the wall",,,,,
9067036216,node,45.9106296,14.9599096,,,,,,,,,no,yes,,"outside, on the wall",,,,,
8688386920,node,45.9075698,15.0020485,,,,,,,,,no,yes,yes,"ouside, on the wall",,,,,
9484891437,node,45.9132807,15.0060945,,,,,,,,,no,yes,,"outside, on the wall",,,,,
9556885294,node,45.9279598,14.9999149,,,,,,,,,no,yes,,"outside, on the wall",,,,,
13110710276,node,45.9813607,14.6997796,,,,,,,,,no,,,,,,,,
12860576950,node,46.0042380,14.7800014,,,,,,,,,,,,,,,,,
10945838174,node,46.1091078,14.7094901,,,,,,,,,,,,,,,,,
12896764701,node,46.1319331,14.8058575,,,,,,,,,no,yes,,yellow box on facade,,Rumena škatla na fasadi ob garažnih vratih,,,
10948659105,node,46.0447572,14.9605044,,,,,,,,,,,,,,,,,
9561583699,node,45.9527956,15.0603732,,,,,,,,,no,yes,,"outside, on the wall",,,,,
9563619417,node,45.9771685,15.0914295,,,,,,,Kmetijska zadruga Trebnje,,no,yes,,"outside, on the wall",,,,,
9492488154,node,46.0884802,14.8924626,,,,,,,,,yes,,,,,,,,
9492514282,node,46.0655284,14.9627472,,,,,,,,,,yes,,,,,,,
10606266105,node,46.1479394,15.0422456,,,,,,,,,,,,,,,,,
9421185774,node,46.1400726,15.0748996,,,,,,,,,,,,,,,,,
8917179555,node,46.1581997,14.2636734,,,,,,,,,no,,,,,,,,
6268921834,node,46.1709948,14.2612691,,,,,,,P. D. Škofja Loka,,yes,permissive,limited,"inside, on the wall by the bar",,,,,
9404660712,node,46.1726174,14.3041741,,,,,,,PGD Stara Loka,24/7,yes,permissive,no,"V garaži, dostopen z gumbom v sili",,,,,
6627536300,node,46.1768458,14.3246314,,,,,,,,,no,,,,,,,,
10660945405,node,46.1664210,14.3536466,,,,,,,,,no,yes,,Na steni doma Krajevne skupnosti Godešič.,Outside Godešič community (parish) building,,,,
10660958366,node,46.1667916,14.3548876,,,,,,,Gasilci PGD Godešič,24/7,yes,,no,V gasilskem domu Godešič.,"Inside Godešič Fire station, for  access call 112",,,,
10669895405,node,46.1668098,14.3548985,,,,,,,,,yes,private,,,Inside the Godešič Fire Station. Call 112 for access.,,,,
6690091164,node,46.1838636,14.3237141,,,,,,,,,no,,,,,,,,
9424086430,node,46.2324663,14.3462392,,,,,,,,,no,yes,,"outside, by the entrance",,,,,
9610321162,node,46.2381306,14.3556670,,,,,,,,,,yes,yes,On wall outside building,,,,,
12596274201,node,46.2366550,14.3559235,,,,,,,,,no,yes,,"outside, on the wall",,,,,
12080578084,node,46.2483524,14.3549955,,,,,,,,,yes,,,na hodniku v prvem nadstropju,,,,,
12080578118,node,46.2463308,14.3549179,,,,,,,,,no,yes,,,,,,,
10660947105,node,46.1571320,14.3670131,,,,,,,,,no,yes,,Na steni gasilskega doma Reteče.,Outside the Reteče fire station.,,,,
12091904863,node,46.1560362,14.4066370,,,,,,,,,no,,,,,,,,
12620981120,node,46.1882488,14.4039499,,,,,,,,,no,yes,,"outside, on the wall",,,,,
9939755816,node,46.1954293,14.4108524,,,,,,,,,no,permissive,,"outside, on the wall",,,,,
10768706931,node,46.1657215,14.4417943,,,,,,,,,no,yes,,"outside, on the wall near the entrance",,,,,
9939779073,node,46.1804416,14.4692691,,,,,,,,,no,permissive,,"outside, on the wall",,,,,
9424086431,node,46.2125781,14.3856092,,,,,,,,,no,yes,,"outside, on the wall",,,,,
6627538895,node,46.2387360,14.4095879,,,,,,,,,no,,,,,,,,
12761743377,node,46.2313403,14.4536921,,,,,,,,,yes,,,1. Floor at the exit oft the shop. Near gate A1,,,,,
12574953127,node,46.2607926,14.3898525,,,,,,,,,no,yes,,"outside, on the wall",,,,,
12574969543,node,46.2684880,14.3846422,,,,,,,,,no,yes,,"outside, on the wall",,,,,
1357931332,node,46.2700038,14.4172814,,,,,,,,,no,yes,,"outside, on the wall",,,,,
10847422296,node,46.2942159,14.4496474,,,,,,,,,no,yes,,"outside, on a pole",,,,,
7900876695,node,46.3148790,14.4679850,,,,,,,,,no,yes,,outside on the wall,,,,,
6320241189,node,46.1860501,14.4876112,,,,,,,,,no,,,,,,,,
9555572677,node,46.2307391,14.5182251,,,,,,,,,,,yes,,,,,,
11869101695,node,46.2300541,14.5466140,,,,,,,,,no,yes,,"outside, on the wall",,,,,
13162183033,node,46.2216049,14.6071913,,,,,,,,,no,yes,,by the bicycle parking,,,,,
12108458959,node,46.2213280,14.6086123,,,,,,,,,yes,,,,,,,,
11429607126,node,46.2283041,14.6142382,,,,,,,Komunalno podjetje Kamnik,,no,permissive,no,"by the entrance, on the wall, outside",,,,,
12073145637,node,46.2580074,14.6032333,,,,,,,,,no,,,,,,,,
11606217201,node,46.2502948,14.6158119,,,,,,,,,no,yes,,"outside, on the wall",,,,,
12292345243,node,46.2102933,14.6714730,,,,,,,,,no,yes,,"outside, on the wall",,,,,
10837769074,node,46.2575769,14.6567882,,,,,,,,,no,yes,,"outside, on the wall",,,,,
12048853768,node,46.2970103,14.5220635,,,,,,,,,,,,,,,,,
12032035591,node,46.2681362,14.5279303,,,,,,,,,,,,,,,,,
11987824269,node,46.2750710,14.5295720,,,,,,,,,no,yes,,,On wall under balcony,,,,
12142215782,node,46.3189954,14.4987263,,,,,,,,,,,,,,,,,
12069371656,node,46.3035838,14.6263592,,,,,,,,24/7,no,yes,,,,,,,
9866049478,node,46.2631537,14.6712807,,,,,,,,,no,,,,,,,,
12069813201,node,46.3004943,14.6401958,,,,,,,,24/7,no,yes,,,,,,,
12092909999,node,46.2890596,14.6565609,,,,,,,,,,,,,,,,,
12071407751,node,46.3274550,14.5891443,,,,,,,,24/7,no,yes,no,,,,,,
10106081117,node,46.3635179,14.3089388,,,,,,,,24/7,no,yes,,,,V pasaži zelena omarica na steni Meditronic Lifepak defibrilator,,,
13265556001,node,46.3793713,14.3245460,,,,,,,,,,,,,,,,,
11152543969,node,46.3999389,14.3456471,,,,,,,,,,,,,,,,,
12407597351,node,46.4389112,14.2665643,,,,,,,,,yes,permissive,,,,,,,
12528988601,node,46.3818737,14.4688252,,,,https://openaedmap.org/api/v1/photos/view/JYYGaJ93U4gT4_-5uhFhWA.webp,,,,,no,yes,,,AED Kanonir,,,,
12198670801,node,46.3946505,14.5009823,,,,https://openaedmap.org/api/v1/photos/view/LCixch6bO5JrIZQVkwxb0Q.webp,,,,,no,yes,,,Petrol Jezersko,,,,
12185868202,node,46.4011729,14.5251832,,,,https://openaedmap.org/api/v1/photos/view/ZMK8HMWwCiZecGzfEXDs9A.webp,,,,,no,yes,,,Park Jezersko,,,,
13021143524,node,46.4183517,14.6412740,,,,,,,,,yes,yes,,at the infomation building,,,,,
9865450960,node,46.4356814,14.6597079,,,,,,,,,no,,,By the building under the roof,,,,,
11642124730,node,46.1681218,14.7468386,,,,,,,,,no,yes,yes,"outside, on the wall",,,,,
11606253266,node,46.2253059,14.6823708,,,,,,,,,no,yes,yes,"outside, on the wall",,,,,
11667147462,node,46.2266425,14.7046612,,,,,,,,,no,yes,,"outside, on the wall",,,,,
11606328739,node,46.2374295,14.6849355,,,,,,,,,no,yes,yes,"outside, on the wall",,,,,
11667286283,node,46.2183278,14.7592772,,,,,,,,,no,yes,,"outside, on the wall",,,,,
11198489137,node,46.1880437,14.8836571,,,,,,,,,,,,,,,,,
11702269578,node,46.2145601,14.8856200,,,,,,,,,no,yes,yes,"outside, on the wall",,,,,
13017250895,node,46.3564226,14.7440823,,,,,,,,24/7,no,yes,,by the information office,,,,,
13019326699,node,46.3548032,14.7471035,,,,,,,,24/7,no,yes,limited,,by the fire station,,,,
7660752471,node,46.3434041,14.8342352,,,,,,,,24/7,no,yes,yes,,,,,,
13085110862,node,46.3160730,14.8822700,,,,,,,,,no,,,,,,,,
10686885428,node,46.1876104,14.9080813,,,,,,,,,,,,,,,,,
12899065601,node,46.1810350,14.9416668,,,,https://openaedmap.org/api/v1/photos/view/KcuTYi_8MBaFvyhq2CDZ3A.webp,,,,,no,yes,,,,"On the exterior wall, to the right of the entrance",,,
12901917301,node,46.1807988,14.9714904,,,,,,,,,,yes,,,,,,,
12976786798,node,46.2176700,14.9730399,,,,,,,,,no,yes,,Na gospodarskem poslopju,,,,,
12976807096,node,46.2005844,15.0445049,,,,,,,,,no,yes,,Na stanovanjski hiši),,,,,
10742080406,node,46.1547669,15.0514867,,,,,,,,,,,,,,,,,
10745174505,node,46.1562277,15.0541248,,,,,,,,,,,,,,,,,
10114553417,node,46.1676020,15.0520586,,,,,,,,,,,,,,,,,
10693390013,node,46.1726624,15.0741902,,,,,,,,,,,,,,,,,
11673197330,node,46.1866994,15.0572955,,,,,,,,24/7,no,yes,,,,,,,
9501749148,node,46.2221701,15.0067039,,,,,,,,,no,yes,,"outside, on the wall",,,,,
12620892372,node,46.2769169,14.9592845,,,,,,,,,no,yes,,"outside, on the wall",,,,,
13026723751,node,46.3113965,14.9096569,,,,,,,Kamp Menina,24/7,no,,,,,,,,
11409672109,node,46.2854623,15.0412231,,,,,,,,,,,,Na desni strani zgradbe,,,,,
12909331974,node,46.3977740,14.7083158,,,,,,,,,,,,,,,,,
13017099803,node,46.4200954,14.6915826,,,,,,,,24/7,no,yes,,"by the entrance, information center",,,,,
13051823798,node,46.4200885,14.7439558,,,,,,,,,,,,,,,,,
4396047936,node,46.4580126,14.7517127,,,,,,,,24/7,,,,,,,,,
9865640736,node,46.4664801,14.8042349,,,,,,,,,no,,,,,,,,
9866369859,node,46.4784055,14.7726194,,,,,,,,,no,,,,,,,,
9868840269,node,46.4784008,14.7726384,,,,,,,,,no,,,,,,,,
3100514660,node,46.4703029,14.8497481,,,,,,,,,,,,,,,,,
9865719820,node,46.4751937,14.8514930,,,,,,,,,no,,,,,,,,
4427986722,node,46.4848261,14.8749673,,,,,,,,24/7,,,,,,,,,
4427540645,node,46.5115469,14.8629888,,,,,,,,24/7,,,,,,,,,
9847622942,node,46.5177664,14.8817486,,,,,,,,,no,yes,,,,,,,
6681121749,node,46.5409454,14.9572393,,,,,,,,24/7,no,yes,,outside,,,,,
2441646348,node,46.5217690,14.9857747,,,,,,,,,,,,,,,,,
4252832556,node,46.4718082,15.0885505,,,,,,,,24/7,,,,,,,,,
12089110425,node,45.5217439,15.3120939,,,,,,,,24/7,no,yes,,,"By the fire station, outside on the wall",,,,
11530803771,node,45.5433237,15.2056394,,,,,,,,,no,yes,,,,,,,
12089279749,node,45.5722057,15.2926501,,,,,,,,24/7,no,yes,,,,,,,
12091665404,node,45.5890353,15.2777304,,,,,,,,24/7,no,yes,,,,,,,
12091665378,node,45.6070731,15.2740361,,,,,,,,24/7,no,yes,,,,,,,
11398374687,node,45.6750751,15.3349750,,,,,,,,,no,yes,,,,,,,
13158351669,node,45.7898112,15.1112770,,,,,,,,,no,yes,,,,,,,
10681538450,node,45.7921870,15.1368560,,,,,,,,,no,yes,,"outside, on the wall",,,,,
9678587923,node,45.8042869,15.1673181,,,,,,,,,no,yes,,,,,,,
8860731918,node,45.8337192,15.2197527,,,,,,,,,no,yes,yes,"outside, on the wall",,,,,
13021225944,node,45.8744595,15.1594991,,,,https://img.mojaobcina.si/img/1/H_MAX_1024x768/12024_1753358598_l_1138978_1.jpg,,,,,no,yes,,,,,,,
12670512948,node,45.8073573,15.3153775,,,,,,,,,,,,,,,,,
12400813844,node,45.8450187,15.3403048,,,,,,,,,,,,,,,,,
12194050929,node,45.9101874,15.3752827,,,,,,,,24/7,no,yes,,,,,,,
13098493304,node,45.8445277,15.4183180,,,,,,,,,no,,,,,,,,
8864379150,node,45.9214200,15.4584318,,,,,,,,,no,yes,,"outside, on the wall",,,,,
8728505387,node,45.9442394,15.1434021,,,,,,,,,no,yes,yes,"outside, on the wall",,,,,
9563654202,node,45.9672467,15.1385687,,,,,,,,,no,yes,,,,,,,
7196196790,node,45.9855760,15.1854924,,,,,,,,,no,,,,,,,,
9498241319,node,46.0102103,15.1707043,,,,,,,,,yes,permissive,,,,,,,
12194029456,node,46.0056233,15.3077125,,,,,,,,24/7,no,yes,,,,,,,
12216072601,node,46.0855408,15.1728477,,,,,,,,,no,yes,,,,"Gasilski dom,
Zidani Most 12",,,
10262087475,node,46.1412305,15.1145375,,,,,,,,,no,,,,,,,,
12216025701,node,46.1230759,15.1965492,,,,,,,,,no,yes,,,,"Večnamenski objekt - Gasilski dom, Aškerčeva cesta 6",,,
12216027701,node,46.1449575,15.1737439,,+386 41 763 059,,,,,,,no,yes,,,,"Gasilski dom, 
Sedraž 20
Marko JERNEJŠEK",,,
12238489901,node,46.1175276,15.2433372,,,,,,,,,,yes,,,,"LAZIŠE Podružnična šola Lažiše, Laziše 27, Rimske Toplice",,,
12199091501,node,46.1434779,15.2752929,,+38641 802 739,,,,,,,no,yes,,,,"LAHOMNO
P'r Bobek- Planko,
Lahomno 64",,,
12215942501,node,46.1296696,15.2874433,,,,,,,,,no,yes,,,,"Gasilski dom,
Vrh nad Laškim 9",,,
12194080555,node,45.9576834,15.3544574,,,,,,,,24/7,no,yes,,,,,,,
12193966372,node,46.0061647,15.3151810,,,,,,,,,no,yes,limited,,By the tourist office,,,,
12199120702,node,46.0919508,15.3365045,,,,,,,,,no,yes,,,,"JURKLOŠTER 
Gasilski dom, 
Jurklošter 21",,,
12238242701,node,46.1373073,15.3463087,,,,,,,,,,yes,,,,"TROBNI DOL
Kulturno društvo Trobni Dol, Trobni Dol 38.a, 3271 Šentrupert",,,
12361728082,node,46.1294986,15.3945171,,,,,,,,,,yes,,,,,,,
12358596058,node,46.1372736,15.3940902,,,,,,,,,,yes,,,,,,,
12358614441,node,46.1375528,15.3886057,,,,,,,,,no,yes,,,,,,,
12361719594,node,46.1312955,15.4051779,,,,,,,,,,yes,,,,,,,
8847963155,node,45.9059255,15.5919286,,,,,,,,,yes,permissive,,inside,,,,,
8898233182,node,45.8948476,15.6597894,,,,,,,,,no,yes,,"outside, on the wall",,,,,
8844707933,node,45.8981977,15.6556363,,,,,,,,,yes,permissive,,"inside, during office hours",,,,,
13227888842,node,45.9476478,15.5467897,,,,,,,,,no,yes,,,,,,,
12690792833,node,45.9526121,15.6055796,,,,,,,,,,yes,,,,,,,
11329471246,node,46.0405598,15.5904278,,,,,,,,,,,,,,,,,
13077956163,node,46.0133237,15.6926774,,,,,,,,,no,yes,,,,,,,
5841503485,node,46.1500976,15.5630836,,,,,,,,,,,,,,,,,
12216022901,node,46.1633758,15.1874955,,,,,,,,,no,yes,,,,"Sindikalni dom,
Huda Jama 1",,,
12216019401,node,46.1817047,15.1868492,,+386 31 696657,,,,,,,no,yes,,,,"Dom na Šmohorju, Šmohor 9
OSKRBNICA: Breda LORGER",,,
13015802534,node,46.2554792,15.1631063,,,,https://img.mojaobcina.si/img/1/H_MAX_1024x768/10734_1753086143_aed20253.jpg,,,,,no,yes,,,,,,,
12215942502,node,46.1644924,15.2304859,,,,,,,,,no,yes,,,,"dvorana Tri lilije,
Poženelova 22
Rok REMIC",,,
12215948101,node,46.1541682,15.2353231,,,,,,,,,no,yes,,,,"LAŠKO – TIC 
Laško – Hotel Savinja,
Valvasorjev trg 1",,,
8914277995,node,46.2119528,15.2631221,,,,,,,,24/7,no,yes,,,,,,,
11739425863,node,46.2860592,15.1816947,,,,,,,,,no,yes,,"outside, on the wall",,,,,
11166946773,node,46.3371023,15.1195642,,,,,,,,,no,yes,,,,,,,
12199120901,node,46.1672267,15.3494666,,,,,,,,,no,yes,,,,"ŠENTRUPERT
Gasilski dom,
Šentrupert 93 e",,,
12091646409,node,46.2168459,15.3947763,,,,,,,,24/7,yes,yes,,,,,,,
12091587452,node,46.2398264,15.3835334,,,,,,,,24/7,no,yes,,,,,,,
12091647600,node,46.2450902,15.3849782,,,,,,,,24/7,no,yes,,,,,,,
12090140298,node,46.2603304,15.3918435,,,,,,,,24/7,no,yes,,by the entrance to the shop from the fuel station,,,,,
5738597813,node,46.2728497,15.3911906,,,,,,,,,,,,,,,,,
12587303636,node,46.3100441,15.3933631,,,,https://www.slovenskekonjice.si/Files/Gallery/5/508096/l_71435930.1_Gastu%C5%BE.jpg,https://www.slovenskekonjice.si/objava/1051754,,,,no,yes,,,,,,,
12587243288,node,46.3180562,15.3696445,,,,https://www.slovenskekonjice.si/Files/Gallery/5/457939/l_62898912.1_KS%20Sojek-KG.jpg,https://www.slovenskekonjice.si/objava/926188,,,,,yes,,,,,,,
12587351734,node,46.3418872,15.4153843,,,,https://www.slovenskekonjice.si/Files/Gallery/5/508103/l_71436429.2_Supernova.jpg,https://www.slovenskekonjice.si/objava/1051763,,,,no,yes,,,,,,,
12587312547,node,46.3451432,15.4143937,,,,https://www.slovenskekonjice.si/Files/Gallery/5/457851/l_6289299.1_Stadion%20Dobrava.jpg,https://www.slovenskekonjice.si/objava/925960,,,,no,,,,,,,,
12587332814,node,46.3418549,15.4323617,,,,,https://www.slovenskekonjice.si/objava/972095,,,,,yes,,,,,,,
12587367908,node,46.3398947,15.4285882,,,,,,,,,no,yes,,,,,,,
12381988752,node,46.3225004,15.5173290,,,,,,,,,,,,,,,,,
11745074021,node,46.4250951,15.1536677,,,,,,,,,,,,,,,,,
9727196583,node,46.5029272,15.2113122,,,,,,,,24/7,no,yes,,,,,,,
5982892767,node,46.5387479,15.2247275,,,,,,,,24/7,no,yes,,,,,,,
3065448574,node,46.5366389,15.2493718,,,,,,,,24/7,,,,,,,,,
10760902177,node,46.5528841,15.2309978,,,,,,,,,,,,,,,,,
4755904229,node,46.5592075,15.2851199,,,,,,,,24/7,no,yes,,wall,,,,,
12585944129,node,46.3875161,15.4485414,,,,,,,,,no,yes,,,,,,,
5982745345,node,46.4025253,15.4343402,,,,,,,,24/7,no,yes,,,,,,,
6052311013,node,46.4116795,15.4553984,,,,,,,,24/7,no,yes,,,,,,,
5695889534,node,46.4961850,15.5076053,,,,,,,,24/7,no,yes,no,,,,,,
9922831763,node,46.5413688,15.4327293,,,,,,,,24/7,no,yes,,,,,,,
5846690786,node,46.2368495,15.6378426,,,,,,,,,,,,,,,,,
6242412775,node,46.3591394,15.5619989,,,,,,,,,,,,,,,,,
12759249372,node,46.3362904,15.8779160,,,,,,,,,no,yes,,,,,,,
6242413423,node,46.3823910,15.5636214,,,,,,,,,yes,,,,,,,,
12328447154,node,46.4467127,15.6003052,,,,,,,,24/7,no,yes,yes,on building outside wall,,,,,
11837839269,node,46.4543065,15.6789427,,+386 40 804485,,,,,,,yes,customers,,,,V avli športne dvorane pri OŠ Rače,,,
5054459584,node,46.4661166,15.7153896,,,,,,,,,,,,,,,,,
12957228028,node,46.4987020,15.5666682,,,,https://i.imgur.com/1hkKAXL.jpg,,,,,no,yes,,Na zidu,,,,,
13039092245,node,46.4986955,15.5665886,,,,,,,,,,,,,,,,,
6140717388,node,46.5160037,15.5793133,,,,,,,,,no,,,,,,,,
3393228643,node,46.5227159,15.5404141,,,,,,,,24/7,no,yes,,,,,,,
12117207680,node,46.5227161,15.5407743,,,,,,,,24/7,no,yes,,,,,,,
5660202162,node,46.5669932,15.5769443,,,,,,,,24/7,,yes,,,,,,,
12734065901,node,46.4785252,15.6532686,,,,,,,,,no,yes,,,On the building's outside wall.,,,,
10141234774,node,46.4688452,15.6777471,,,,,,,,,no,yes,,"outside, oth the wall",,,,,
5282358269,node,46.4814029,15.7029114,,,,,,,,,,,,,,,,,
12734056203,node,46.5019122,15.7021970,,,,,,,,,no,yes,,,On the wall near the garage door.,,,,
10650725558,node,46.5168526,15.7253648,,,,,,,,,no,yes,,,,,,,
12985371102,node,46.5403834,15.6490567,,,,,,,,,no,yes,,zunaj,,,,,
4307281914,node,46.5210712,15.6719379,,,,,,,,,,,,,,,,,
12734213501,node,46.5374299,15.6561427,,,,,,,,,no,yes,,,Right of the main entrance,,,,
12734056201,node,46.5368968,15.6601292,,,,,,,,,yes,yes,,,On the wall right from entrance,,,,
12734056401,node,46.5355571,15.6674778,,,,,,,,,no,yes,,,On the outside wall left from the main entrance,,,,
12734057001,node,46.5351610,15.6732713,,,,,,,,,no,yes,,,Just outside the main entrance,,,,
10094422017,node,46.5493282,15.6438734,,,,,,,,,no,yes,,,Pri vhodu v fakulteto. Rumena omarica.,,,,
7238664307,node,46.5590758,15.6525199,,,,,,,,,no,,,,,,,,
10589160306,node,46.5594233,15.6556721,,,,,,,,,yes,yes,,,,On the wall of main bus station hall.,,,
12734056202,node,46.5568349,15.6527168,,,,,,,,,yes,yes,,,Inside of the main building. Only accessible during the opening hours.,,,,
5660202161,node,46.5573406,15.6757455,,,,,,,,24/7,yes,permissive,no,,,,,,
7921281885,node,46.4046467,15.7948058,,,,,,,,,,,,,,,,,
10151629341,node,46.4375102,15.7293481,,,,,,,,,no,yes,,"outside, on the wall",,,,,
11607668745,node,46.3989821,15.8610414,,,,,,,,,no,yes,,AED je nameščen na steni PGD Turnišče Ptuj.,,,,,
11607647972,node,46.4065376,15.8659752,,,,,,,,,no,yes,,AED je nameščen pri vhodu v objekt Cestnega podjetja Ptuj.,,,,,
9828347452,node,46.4112246,15.8886460,,,,,,,,24/7,,yes,,na fasadi pri vogalu,,,,,
11607676814,node,46.4127348,15.9103683,,,,,,,,24/7,no,yes,,AED defibrilator je nameščen ob vhodu v športno dvorano.,,,,,
11607646548,node,46.4212912,15.8545441,,,,,,,,,yes,yes,,"AED je nameščen v omari, ki je v kabini reševalca iz vode.",,,,,
11607677115,node,46.4195103,15.8719334,,,,,,,,,yes,,,"AED je nameščen znotraj objekta Mestne občine Ptuj, pri glavnem vhodu v stavbo pri varnostniku.

Kontakt: +386 2 748 29 99",,,,,
11607653258,node,46.4272519,15.8674317,,,,,,,,,no,,,AED je nameščen ob vhodu v objekt Doma krajanov Bratje Reš.,,,,,
11607682820,node,46.4169049,15.8787722,,,,,,,,,no,yes,,"AED je nameščen na steni poslovalnice trgovine Hofer, v bližini glavnega vhoda.",,,,,
11607691971,node,46.4161881,15.8818855,,,,,,,,,no,yes,,"AED je nameščen na steni tik ob vhodu v dvorano Kmetijsko gozdarskega Zavoda Ptuj (Kmetijsko gozdarska zbornica Slovenije, Zavod Ptuj).",,,,,
12971751435,node,46.4184161,15.8855540,,,,,,,,,no,,,,,,,,
11607668744,node,46.4243187,15.8739694,,,,,,,,,yes,yes,,AED je na nameščen znotraj kompleksa Doma upokojencev Ptuj,,,,,
11607647973,node,46.4168453,15.8905267,,,,,,,,,no,yes,,AED defibrilator je nameščen na objekt doma krajanov.,,,,,
10778582383,node,46.4327084,15.8910632,,,,,,,,,no,yes,,AED defibrilator je nameščen na zunanji steni Doma krajanov Rogoznica.,,,,,
11607617529,node,46.4322688,15.9161626,,,,,,,,,no,yes,,AED defibrilator je nameščen na objekt gasilskega doma.,,,,,
10778578949,node,46.4536986,15.9131075,,,,,,,,,no,yes,,AED defibrilator je nameščen na objekt gasilskega doma.,,,,,
11516080991,node,46.5199859,15.8860661,,,,,,,,,,,,,,,,,
11516080990,node,46.5291877,15.8854376,,,,,,,,,,,,,,,,,
11500874502,node,46.5245214,15.9348445,,,,,,,,,,,,,,,,,
11403173242,node,46.4173999,15.9427094,,,,,,,,,no,yes,,,,,,,
12437764586,node,46.4070997,16.1412838,,,,,,,,,,,,,,,,,
11400823822,node,46.5501362,16.0620489,,,,,,,,,no,yes,,,,,,,
13282920941,node,46.5430660,16.1496768,,,,,,,,,no,yes,,,,,,,
11708155567,node,46.5459744,16.4456910,,,,,,,,,,,,,,,,,
11708172079,node,46.5538915,16.4586259,,,,,,,,,,,,,,,,,
11708101118,node,46.5625423,16.4549271,,,,,,,,,,,,,,,,,
11708110230,node,46.5602122,16.4504144,,,,,,,,,,,,,,,,,
12712852601,node,46.5675174,16.4681430,,,,,,,,,no,,,On the outer wall,,,,,
9321058350,node,46.5958635,14.9136198,,,,,,,,,no,yes,,,,,,,
13181609381,node,46.6202878,14.9474823,,,,,,,,,,,,Na steni hiše / An der Hauswand,,,,,
13181505515,node,46.6033514,14.9862843,,,,,,,,,,,,Na steni hiše / An der Hauswand,,,,,
13184704484,node,46.5881637,15.0162233,,,,,,,,,,,,,,,,,
11514222999,node,46.5937099,15.0422414,,,,,,,,,,,,,,,,,
6042198706,node,46.6011337,15.1053117,,,,,,,,,,,,"outside, covered",,,,,
7578442962,node,46.6254101,15.3006875,,,,,,,,24/7,no,yes,no,,,,,,
10092152317,node,46.5902221,15.3304272,,,,,,,,,no,yes,,,,na zunanji steni trgovine,,,
12828493809,node,46.5741829,15.4860956,,,,,,,,24/7,no,yes,yes,on building exterior wall,,,,,
7253143544,node,46.6038582,15.6051335,,,,,,,,24/7,no,yes,yes,,,,,,
5039607462,node,46.5749084,15.8761486,,,,,,,,,,,,,,,,,
12976817361,node,46.5899156,16.1413069,,,,,,,,,no,yes,,,,,,,
12045458845,node,46.5804448,16.1647161,,,,,,,,,no,,,"AED je nameščen zunaj objekta Občine Veržej, pri glavnem vhodu v stavbo.

Kontakt: +386 2 748 29 99",,,,,
10972466110,node,46.7237473,16.3369913,,,,,,,,,,,,,,,,,
12437304908,node,46.5821860,16.4482652,,,,,,,,,,yes,,Na zidu pred vhodom,,,,,
